-- MySQL dump 10.13  Distrib 5.5.54, for debian-linux-gnu (armv7l)
--
-- Host: localhost    Database: macgal
-- ------------------------------------------------------
-- Server version	5.5.54-0+deb8u1

/*!40101 SET @OLD_CHARACTER_SET_CLIENT=@@CHARACTER_SET_CLIENT */;
/*!40101 SET @OLD_CHARACTER_SET_RESULTS=@@CHARACTER_SET_RESULTS */;
/*!40101 SET @OLD_COLLATION_CONNECTION=@@COLLATION_CONNECTION */;
/*!40101 SET NAMES utf8 */;
/*!40103 SET @OLD_TIME_ZONE=@@TIME_ZONE */;
/*!40103 SET TIME_ZONE='+00:00' */;
/*!40014 SET @OLD_UNIQUE_CHECKS=@@UNIQUE_CHECKS, UNIQUE_CHECKS=0 */;
/*!40014 SET @OLD_FOREIGN_KEY_CHECKS=@@FOREIGN_KEY_CHECKS, FOREIGN_KEY_CHECKS=0 */;
/*!40101 SET @OLD_SQL_MODE=@@SQL_MODE, SQL_MODE='NO_AUTO_VALUE_ON_ZERO' */;
/*!40111 SET @OLD_SQL_NOTES=@@SQL_NOTES, SQL_NOTES=0 */;

--
-- Table structure for table `_day`
--

DROP TABLE IF EXISTS `_day`;
/*!40101 SET @saved_cs_client     = @@character_set_client */;
/*!40101 SET character_set_client = utf8 */;
CREATE TABLE `_day` (
  `no` int(2) unsigned DEFAULT NULL,
  `dow` int(2) unsigned DEFAULT NULL,
  `d` varchar(10) NOT NULL
) ENGINE=InnoDB DEFAULT CHARSET=latin1;
/*!40101 SET character_set_client = @saved_cs_client */;

--
-- Dumping data for table `_day`
--

LOCK TABLES `_day` WRITE;
/*!40000 ALTER TABLE `_day` DISABLE KEYS */;
INSERT INTO `_day` VALUES (1,2,'Pazartesi'),(2,3,'Sali'),(3,4,'Carsamba'),(4,5,'Persembe'),(5,6,'Cuma'),(6,7,'Cumartesi'),(7,1,'Pazar'),(1,2,'Pazartesi'),(2,3,'Sali'),(3,4,'Carsamba'),(4,5,'Persembe'),(5,6,'Cuma'),(6,7,'Cumartesi'),(7,1,'Pazar');
/*!40000 ALTER TABLE `_day` ENABLE KEYS */;
UNLOCK TABLES;

--
-- Table structure for table `_hour`
--

DROP TABLE IF EXISTS `_hour`;
/*!40101 SET @saved_cs_client     = @@character_set_client */;
/*!40101 SET character_set_client = utf8 */;
CREATE TABLE `_hour` (
  `no` int(2) unsigned DEFAULT NULL,
  `h` int(2) unsigned NOT NULL
) ENGINE=InnoDB DEFAULT CHARSET=latin1;
/*!40101 SET character_set_client = @saved_cs_client */;

--
-- Dumping data for table `_hour`
--

LOCK TABLES `_hour` WRITE;
/*!40000 ALTER TABLE `_hour` DISABLE KEYS */;
INSERT INTO `_hour` VALUES (1,8),(2,9),(3,10),(4,11),(5,12),(6,13),(7,14),(8,15),(9,16),(10,17),(11,18),(12,19),(13,20),(14,21),(15,22),(16,23),(17,0),(18,1),(19,2),(20,3),(21,4),(22,5),(23,6),(24,7),(1,8),(2,9),(3,10),(4,11),(5,12),(6,13),(7,14),(8,15),(9,16),(10,17),(11,18),(12,19),(13,20),(14,21),(15,22),(16,23),(17,0),(18,1),(19,2),(20,3),(21,4),(22,5),(23,6),(24,7);
/*!40000 ALTER TABLE `_hour` ENABLE KEYS */;
UNLOCK TABLES;

--
-- Table structure for table `_month`
--

DROP TABLE IF EXISTS `_month`;
/*!40101 SET @saved_cs_client     = @@character_set_client */;
/*!40101 SET character_set_client = utf8 */;
CREATE TABLE `_month` (
  `no` int(2) unsigned NOT NULL,
  `m` varchar(10) NOT NULL
) ENGINE=InnoDB DEFAULT CHARSET=latin1;
/*!40101 SET character_set_client = @saved_cs_client */;

--
-- Dumping data for table `_month`
--

LOCK TABLES `_month` WRITE;
/*!40000 ALTER TABLE `_month` DISABLE KEYS */;
INSERT INTO `_month` VALUES (1,'Ocak'),(2,'Subat'),(3,'Mart'),(4,'Nisan'),(5,'Mayis'),(6,'Haziran'),(7,'Temmuz'),(8,'Agustos'),(9,'Eylul'),(10,'Ekim'),(11,'Kasim'),(12,'Aralik'),(1,'Ocak'),(2,'Subat'),(3,'Mart'),(4,'Nisan'),(5,'Mayis'),(6,'Haziran'),(7,'Temmuz'),(8,'Agustos'),(9,'Eylul'),(10,'Ekim'),(11,'Kasim'),(12,'Aralik');
/*!40000 ALTER TABLE `_month` ENABLE KEYS */;
UNLOCK TABLES;

--
-- Table structure for table `parameter`
--

DROP TABLE IF EXISTS `parameter`;
/*!40101 SET @saved_cs_client     = @@character_set_client */;
/*!40101 SET character_set_client = utf8 */;
CREATE TABLE `parameter` (
  `id` int(4) unsigned NOT NULL AUTO_INCREMENT,
  `name` varchar(10) NOT NULL,
  `detail` varchar(60) NOT NULL,
  `type` int(1) unsigned NOT NULL,
  `value` varchar(10) NOT NULL,
  PRIMARY KEY (`id`)
) ENGINE=InnoDB AUTO_INCREMENT=16 DEFAULT CHARSET=latin1;
/*!40101 SET character_set_client = @saved_cs_client */;

--
-- Dumping data for table `parameter`
--

LOCK TABLES `parameter` WRITE;
/*!40000 ALTER TABLE `parameter` DISABLE KEYS */;
INSERT INTO `parameter` VALUES (1,'PRODSUBS','Rafta urun yoksa baska raftan ver',1,'1'),(2,'SALESOUND','Satis yapilinca ses cal',1,'1'),(3,'MULTISALE','Bakiye varsa satisa devam et',1,'0'),(4,'NOCOINSALE','Para ustu yoksa satis yapma',1,'1'),(5,'NOCOINWARN','Para ustu yoksa uyar',1,'1'),(6,'MAINCLOCK','Ana ekranda saat goster',1,'1'),(7,'MAINDATE','Ana ekranda tarih goster',1,'1'),(8,'MAINMODEL','Ana ekranda marka/model goster',1,'1'),(9,'PSENSOR','URUN SENSORU',1,'1'),(10,'PSENSORT','SENSOR GORMEDIGINDE CEYREK TUR DONDER',1,'1'),(11,'MAXTEMP1','Birinci sensor ust sicaklik',2,'12'),(12,'MINTEMP1','Birinci sensor alt sicaklik',2,'10'),(13,'MAXTEMP2','Ikinci sensor ust sicaklik',2,'8'),(14,'MINTEMP2','Ikinci sensor alt sicaklik',2,'3'),(15,'MEANTEMP','Hedeflenen ortalama sicaklik',2,'6');
/*!40000 ALTER TABLE `parameter` ENABLE KEYS */;
UNLOCK TABLES;

--
-- Table structure for table `product`
--

DROP TABLE IF EXISTS `product`;
/*!40101 SET @saved_cs_client     = @@character_set_client */;
/*!40101 SET character_set_client = utf8 */;
CREATE TABLE `product` (
  `id` int(6) unsigned NOT NULL AUTO_INCREMENT,
  `name` varchar(30) NOT NULL,
  `barcode` varchar(20) NOT NULL,
  `price` decimal(5,2) DEFAULT NULL,
  `vat` int(2) unsigned DEFAULT '0',
  `active` int(1) unsigned DEFAULT '1',
  PRIMARY KEY (`id`)
) ENGINE=InnoDB AUTO_INCREMENT=17 DEFAULT CHARSET=latin1;
/*!40101 SET character_set_client = @saved_cs_client */;

--
-- Dumping data for table `product`
--

LOCK TABLES `product` WRITE;
/*!40000 ALTER TABLE `product` DISABLE KEYS */;
INSERT INTO `product` VALUES (1,'COCA COLA KUTU 330cc','123456789',2.00,0,1),(2,'COCA COLA LIGHT KUTU 330cc','',1.75,0,1),(3,'COCA COLA ZERO KUTU 330cc','',1.75,0,1),(4,'NESTEA SEFTALI 330cc','',1.50,0,1),(5,'NESTEA LIMON 330cc','',1.50,0,1),(6,'DAMLA SU 500ml','',1.00,0,1),(7,'TADELLE CIKOLATA','',1.00,0,1),(8,'TADELLE BEYAZ CIKOLATA','',1.00,0,1),(9,'ULKER CUBUK KRAKER','',0.75,0,1),(10,'ULKER HAYLAYF','',1.00,0,1),(11,'ULKER CIKOLATALI GOFRET','',1.00,0,1),(12,'NESTLE SU 500mL','',1.00,0,1),(13,'AKMINA SODA 330mL','',1.00,0,1),(14,'FRUTOLA INCIRLI','',2.00,0,1),(15,'ETI POPKEK CIKOLATALI','',1.00,0,1),(16,'ULKER IKRAM CIKOLATALI BISKUVI','',1.00,0,1);
/*!40000 ALTER TABLE `product` ENABLE KEYS */;
UNLOCK TABLES;

--
-- Table structure for table `sale`
--

DROP TABLE IF EXISTS `sale`;
/*!40101 SET @saved_cs_client     = @@character_set_client */;
/*!40101 SET character_set_client = utf8 */;
CREATE TABLE `sale` (
  `id` int(8) unsigned NOT NULL AUTO_INCREMENT,
  `product_id` int(6) unsigned NOT NULL,
  `shelf_id` int(6) unsigned NOT NULL,
  `price` decimal(5,2) NOT NULL,
  `sale_dt` timestamp NOT NULL DEFAULT CURRENT_TIMESTAMP ON UPDATE CURRENT_TIMESTAMP,
  `balance` decimal(5,2) NOT NULL,
  `remaining` decimal(5,2) NOT NULL,
  `sale_type` int(2) unsigned NOT NULL,
  `success` int(2) unsigned NOT NULL,
  PRIMARY KEY (`id`)
) ENGINE=InnoDB AUTO_INCREMENT=266 DEFAULT CHARSET=latin1;
/*!40101 SET character_set_client = @saved_cs_client */;

--
-- Dumping data for table `sale`
--

LOCK TABLES `sale` WRITE;
/*!40000 ALTER TABLE `sale` DISABLE KEYS */;
INSERT INTO `sale` VALUES (2,1,1,3.00,'2017-04-23 10:49:36',3.00,0.00,1,1),(3,1,1,1.00,'2017-04-23 11:05:07',2.00,1.00,1,1),(4,1,1,1.00,'2017-04-23 11:10:29',2.00,1.00,1,1),(5,1,1,1.00,'2017-04-23 11:13:19',2.00,1.00,1,1),(6,1,1,1.00,'2017-04-23 11:18:30',2.00,1.00,1,1),(7,1,1,1.00,'2017-04-23 11:19:14',2.00,1.00,1,1),(8,1,1,1.00,'2017-04-23 11:21:37',1.50,0.50,1,1),(9,1,1,1.00,'2017-04-23 11:30:54',2.00,1.00,1,1),(10,1,1,1.00,'2017-04-23 11:32:31',1.75,0.75,1,1),(11,1,1,1.00,'2017-04-23 11:33:31',1.75,0.75,1,1),(12,1,1,1.00,'2017-04-23 11:36:22',1.75,0.75,1,1),(13,1,1,1.00,'2017-04-23 11:37:33',1.75,0.75,1,1),(14,1,1,1.00,'2017-04-23 11:39:51',1.75,0.75,1,1),(15,1,1,1.00,'2017-04-23 11:41:10',1.75,0.75,1,1),(16,1,1,1.00,'2017-04-23 11:42:19',2.75,1.75,1,1),(17,1,1,1.00,'2017-04-23 12:15:28',1.50,0.50,1,1),(18,1,1,1.00,'2017-04-23 13:59:50',1.75,0.75,1,1),(19,1,1,1.50,'2017-04-23 15:47:07',1.75,0.25,1,1),(20,1,1,1.50,'2017-04-23 16:24:45',3.75,2.25,1,1),(21,1,1,1.50,'2017-04-23 17:38:48',6.50,5.00,1,1),(23,1,1,1.50,'2017-04-23 21:25:47',2.00,0.50,1,1),(24,1,1,1.50,'2017-04-24 13:19:52',2.00,0.50,1,1),(25,8,9,1.00,'2017-04-24 13:51:03',1.75,0.75,1,1),(26,6,7,1.00,'2017-04-24 14:01:09',2.00,1.00,1,1),(27,1,1,2.00,'2017-04-24 16:01:19',2.00,0.00,1,1),(28,2,3,1.75,'2017-04-24 16:01:36',2.00,0.25,1,1),(29,5,6,1.50,'2017-04-24 19:22:13',2.00,0.50,1,1),(30,5,6,1.50,'2017-04-24 19:23:48',2.00,0.50,1,1),(31,6,7,1.00,'2017-04-24 12:48:21',2.00,1.00,1,1),(32,5,6,1.50,'2017-04-24 12:56:54',2.00,0.50,1,1),(33,5,6,1.50,'2017-04-24 15:50:31',3.00,1.50,1,1),(34,5,6,1.50,'2017-04-24 15:51:31',1.50,0.00,1,1),(35,4,5,1.50,'2017-04-24 15:52:06',1.50,0.00,1,1),(36,7,8,1.00,'2017-04-24 15:52:29',1.50,0.50,1,1),(37,5,6,1.50,'2017-04-24 16:13:06',1.50,0.00,1,1),(38,2,3,1.75,'2017-04-24 16:17:00',2.00,0.25,1,1),(39,1,1,1.00,'2017-04-24 16:19:20',1.00,0.00,1,1),(40,1,1,1.00,'2017-04-24 16:28:19',1.00,0.00,1,1),(41,1,1,1.00,'2017-04-24 16:28:42',1.00,0.00,1,1),(42,1,1,1.00,'2017-04-24 16:30:45',1.00,0.00,1,1),(44,1,1,1.00,'2017-04-24 16:32:09',1.50,0.50,1,1),(45,1,1,1.00,'2017-04-24 12:47:35',1.00,0.00,1,1),(46,1,1,1.00,'2017-04-24 13:19:31',1.00,0.00,1,1),(47,1,1,1.00,'2017-04-24 13:00:37',1.00,0.00,1,1),(48,1,1,1.00,'2017-04-24 12:48:01',1.00,0.00,1,1),(49,1,1,1.00,'2017-04-24 12:53:35',1.00,0.00,1,1),(50,1,1,1.00,'2017-04-24 12:53:53',1.00,0.00,1,1),(51,1,1,1.00,'2017-04-24 13:44:24',1.00,0.00,1,1),(52,1,1,1.00,'2017-04-24 13:44:40',1.00,0.00,1,1),(53,1,1,1.00,'2017-04-24 13:45:01',1.00,0.00,1,1),(54,2,3,1.75,'2017-04-24 13:10:32',1.75,0.00,1,1),(56,1,1,2.00,'2017-04-24 13:01:03',3.00,1.00,1,1),(57,1,1,2.00,'2017-04-24 12:52:03',2.00,0.00,1,1),(58,1,2,2.00,'2017-04-24 12:52:37',2.00,0.00,1,1),(59,1,2,2.00,'2017-04-24 12:53:24',2.00,0.00,1,1),(60,1,2,2.00,'2017-04-24 12:54:00',3.00,1.00,1,1),(61,3,4,1.75,'2017-04-24 12:56:04',3.00,1.25,1,1),(62,3,4,1.75,'2017-04-24 12:56:38',3.00,1.25,1,1),(63,3,4,1.75,'2017-04-24 13:03:03',3.00,1.25,1,1),(64,1,1,2.00,'2017-05-17 15:36:21',2.00,0.00,1,1),(65,1,1,2.00,'2017-05-17 15:38:29',2.00,0.00,1,1),(66,1,1,2.00,'2017-04-16 10:14:55',2.00,0.00,1,1),(67,1,1,2.00,'2017-05-18 17:09:20',2.00,0.00,1,1),(68,1,2,2.00,'2017-05-18 17:09:40',2.00,0.00,1,1),(69,3,4,1.75,'2017-05-18 17:10:15',2.00,0.25,1,1),(70,4,5,1.50,'2017-05-18 17:10:43',2.00,0.50,1,1),(71,5,6,1.50,'2017-05-18 17:11:10',2.00,0.50,1,1),(72,6,7,1.00,'2017-05-18 17:11:27',1.00,0.00,1,1),(73,7,8,1.00,'2017-05-18 17:11:41',1.00,0.00,1,1),(74,1,2,2.00,'2017-05-18 17:13:36',2.00,0.00,1,1),(75,3,4,1.75,'2017-05-18 17:14:04',2.00,0.25,1,1),(76,2,3,1.75,'2017-05-18 17:14:28',2.00,0.25,1,1),(77,5,6,1.50,'2017-05-18 17:22:47',3.50,2.00,1,1),(78,5,6,1.50,'2017-05-18 17:23:21',2.00,0.50,1,1),(79,4,5,1.50,'2017-05-18 17:26:14',4.00,2.50,1,1),(80,5,6,1.50,'2017-05-18 17:26:33',2.00,0.50,1,1),(81,6,7,1.00,'2017-05-18 17:29:58',1.00,0.00,1,1),(82,6,7,1.00,'2017-05-18 17:31:08',1.00,0.00,1,1),(83,5,6,1.50,'2017-05-18 17:55:37',1.50,0.00,1,1),(84,2,3,1.75,'2017-04-18 21:29:38',3.00,1.25,1,1),(85,3,4,1.75,'2017-04-18 21:30:45',3.00,1.25,1,1),(86,2,3,1.75,'2017-04-18 21:31:24',3.00,1.25,1,1),(87,1,2,2.00,'2017-05-19 18:22:05',2.75,0.75,1,1),(88,2,3,1.75,'2017-04-18 18:25:37',2.00,0.25,1,1),(89,6,7,1.00,'2017-04-18 18:59:37',1.00,0.00,1,1),(90,5,6,1.50,'2017-04-18 20:21:24',2.00,0.50,1,1),(91,6,7,1.00,'2017-04-18 19:51:58',1.00,0.00,1,1),(92,6,7,1.00,'2017-05-20 16:21:25',1.00,0.00,1,1),(93,3,4,1.75,'2017-04-20 10:45:45',2.00,0.25,1,1),(94,1,1,2.00,'2017-05-20 17:00:52',2.00,0.00,1,1),(95,1,1,2.00,'2017-05-20 17:01:20',2.00,0.00,1,1),(96,1,1,2.00,'2017-05-20 17:04:56',2.00,0.00,1,1),(97,1,1,2.00,'2017-05-20 17:10:12',2.00,0.00,1,1),(98,1,1,2.00,'2017-05-20 17:10:23',2.00,0.00,1,1),(99,1,1,2.00,'2017-05-20 17:16:33',2.00,0.00,1,1),(100,1,1,2.00,'2017-05-20 17:17:14',2.00,0.00,1,1),(101,4,5,1.50,'2017-05-20 17:17:53',2.00,0.50,1,1),(102,4,5,1.50,'2017-05-20 17:18:11',2.00,0.50,1,1),(103,4,5,1.50,'2017-05-20 17:18:59',2.00,0.50,1,1),(104,1,1,2.00,'2017-05-20 17:19:23',2.00,0.00,1,1),(105,1,1,2.00,'2017-05-20 17:20:09',2.00,0.00,1,1),(106,4,5,1.50,'2017-05-20 17:20:41',2.00,0.50,1,1),(107,4,5,1.50,'2017-05-20 17:24:36',2.00,0.50,1,1),(108,4,5,1.50,'2017-05-27 15:00:03',2.00,0.50,1,1),(109,1,1,2.00,'2017-05-27 15:00:21',2.00,0.00,1,1),(110,1,1,2.00,'2017-05-27 15:13:53',2.00,0.00,1,1),(111,1,1,2.00,'2017-05-27 15:14:20',2.00,0.00,1,1),(112,1,1,2.00,'2017-05-27 15:16:16',2.00,0.00,1,1),(113,1,1,2.00,'2017-05-27 15:16:38',2.00,0.00,1,1),(114,1,1,2.00,'2017-05-27 15:17:26',2.00,0.00,1,1),(115,11,1,1.00,'2017-04-26 10:24:12',1.00,0.00,1,1),(116,11,1,1.00,'2017-04-26 10:25:06',1.00,0.00,1,1),(117,12,2,1.00,'2017-04-26 10:25:34',1.00,0.00,1,1),(118,11,1,1.00,'2017-04-26 10:26:49',1.00,0.00,1,1),(119,14,4,2.00,'2017-04-26 10:28:09',2.00,0.00,1,1),(120,14,4,2.00,'2017-04-26 10:41:00',2.00,0.00,1,1),(121,16,7,1.00,'2017-04-26 10:41:44',1.50,0.50,1,1),(122,14,4,2.00,'2017-04-26 10:23:06',2.00,0.00,1,1),(123,11,1,1.00,'2017-04-26 10:24:20',2.00,1.00,1,1),(124,15,6,1.00,'2017-04-26 10:18:11',2.00,1.00,1,1),(125,14,4,2.00,'2017-04-26 10:19:23',3.00,1.00,1,1),(126,14,4,2.00,'2017-04-26 10:20:52',3.00,1.00,1,1),(127,14,4,2.00,'2017-04-26 10:21:42',3.50,1.50,1,1),(128,13,3,1.00,'2017-04-26 10:24:22',2.00,1.00,1,1),(129,11,1,1.00,'2017-06-01 16:52:56',2.00,1.00,1,1),(130,11,1,1.00,'2017-06-01 16:56:10',1.00,0.00,1,1),(131,11,1,1.00,'2017-06-01 17:04:44',1.00,0.00,1,1),(132,11,1,1.00,'2017-04-25 09:48:41',2.00,1.00,1,1),(133,12,2,1.00,'2017-04-25 09:48:09',1.50,0.50,1,1),(134,14,5,2.00,'2017-04-25 09:48:59',2.00,0.00,1,1),(135,14,5,2.00,'2017-04-25 09:49:45',2.00,0.00,1,1),(136,11,1,1.00,'2017-04-25 09:50:11',1.00,0.00,1,1),(137,11,1,1.00,'2017-04-25 09:52:02',1.50,0.50,1,1),(139,11,1,1.00,'2017-04-25 16:57:01',1.00,0.00,1,1),(140,11,1,1.00,'2017-04-25 16:57:26',2.00,1.00,1,1),(141,11,1,1.00,'2017-04-25 16:58:34',2.00,1.00,1,1),(142,11,1,1.00,'2017-04-25 16:58:52',2.50,1.50,1,1),(143,11,1,1.00,'2017-04-25 16:59:15',2.50,1.50,1,1),(144,11,1,1.00,'2017-04-25 17:00:50',2.00,1.00,1,1),(145,11,1,1.00,'2017-04-25 17:01:07',2.50,1.50,1,1),(146,11,1,1.00,'2017-04-25 17:05:06',1.75,0.75,1,1),(147,11,1,1.00,'2017-04-25 17:05:48',1.75,0.75,1,1),(148,11,1,1.00,'2017-04-25 17:06:43',2.75,1.75,1,1),(149,11,1,1.00,'2017-04-25 17:07:45',4.75,3.75,1,1),(150,11,1,1.00,'2017-04-25 17:08:51',1.00,0.00,1,1),(151,11,1,1.00,'2017-04-25 17:09:14',3.75,2.75,1,1),(152,11,1,1.00,'2017-04-25 17:10:03',1.50,0.50,1,1),(153,11,1,1.00,'2017-04-25 17:32:16',2.50,1.50,1,1),(154,11,1,1.00,'2017-04-25 17:32:44',1.50,0.50,1,1),(155,11,1,1.00,'2017-04-25 17:33:14',1.50,0.50,1,1),(156,11,1,1.00,'2017-04-25 17:36:06',2.25,1.25,1,1),(157,11,1,1.00,'2017-04-25 17:38:37',3.50,2.50,1,1),(158,11,1,1.00,'2017-04-25 17:39:25',2.75,1.75,1,1),(159,11,1,1.00,'2017-04-25 17:39:54',1.75,0.75,1,1),(160,11,1,1.00,'2017-04-25 17:40:37',1.75,0.75,1,1),(161,11,1,1.00,'2017-04-25 17:41:08',1.50,0.50,1,1),(162,11,1,1.00,'2017-04-25 17:42:05',2.75,1.75,1,1),(163,11,1,1.00,'2017-04-25 17:27:52',1.00,0.00,1,1),(164,11,1,1.00,'2017-04-25 17:36:50',1.25,0.25,1,1),(165,11,1,1.00,'2017-04-25 17:37:47',1.00,0.00,1,1),(166,11,1,1.00,'2017-04-25 17:17:39',1.00,0.00,1,1),(167,11,1,1.00,'2017-04-25 17:18:33',1.00,0.00,1,1),(168,11,1,1.00,'2017-04-25 17:19:22',1.00,0.00,1,1),(169,11,1,1.00,'2017-04-25 17:20:30',1.00,0.00,1,1),(170,11,1,1.00,'2017-04-25 17:21:27',1.00,0.00,1,1),(171,11,1,1.00,'2017-04-25 17:23:15',1.00,0.00,1,1),(172,11,1,1.00,'2017-04-25 17:28:12',11.50,10.50,1,1),(173,11,1,1.00,'2017-04-25 17:37:08',1.75,0.75,1,1),(174,11,1,1.00,'2017-04-25 17:37:48',1.25,0.25,1,1),(175,11,1,1.00,'2017-04-25 17:38:31',2.00,1.00,1,1),(176,11,1,1.00,'2017-04-25 17:38:58',2.00,1.00,1,1),(177,11,1,1.00,'2017-04-25 17:22:56',1.00,0.00,1,1),(178,1,8,2.00,'2017-04-25 19:33:46',4.75,2.75,1,1),(179,1,8,2.00,'2017-04-25 19:34:45',2.75,0.75,1,1),(180,13,3,1.00,'2017-06-07 12:18:19',1.00,0.00,1,1),(181,12,2,1.00,'2017-06-07 12:18:39',1.50,0.50,1,1),(182,11,1,1.00,'2017-06-07 12:18:22',2.00,1.00,1,1),(183,11,1,1.00,'2017-06-07 12:23:12',2.00,1.00,1,1),(184,11,1,1.00,'2017-06-07 12:24:31',1.00,0.00,1,1),(185,11,1,1.00,'2017-06-07 12:37:00',3.00,2.00,1,1),(186,11,1,1.00,'2017-06-07 12:37:28',1.00,0.00,1,1),(187,11,1,1.00,'2017-06-07 12:38:15',1.50,0.50,1,1),(188,11,1,1.00,'2017-06-07 12:57:57',1.00,0.00,1,1),(189,14,5,2.00,'2017-06-07 17:16:53',3.50,1.50,1,1),(190,16,7,1.00,'2017-06-07 17:18:17',2.50,1.50,1,1),(191,11,1,1.00,'2017-06-07 20:06:40',2.00,1.00,1,1),(192,14,5,2.00,'2017-06-07 20:07:50',2.00,0.00,1,1),(193,14,4,2.00,'2017-06-07 20:08:34',4.00,2.00,1,1),(194,12,2,1.00,'2017-06-07 20:57:48',2.00,1.00,1,1),(195,12,2,1.00,'2017-06-07 20:58:30',2.00,1.00,1,1),(196,14,4,2.00,'2017-06-07 20:59:12',2.00,0.00,1,1),(197,14,4,2.00,'2017-06-07 21:09:45',2.00,0.00,1,1),(198,15,6,1.00,'2017-06-07 21:48:49',2.50,1.50,1,1),(199,15,6,1.00,'2017-06-07 21:49:17',1.00,0.00,1,1),(200,13,3,1.00,'2017-06-07 21:50:21',1.50,0.50,1,1),(201,13,3,1.00,'2017-06-07 21:50:42',1.50,0.50,1,1),(202,11,1,1.00,'2017-06-07 21:51:38',1.00,0.00,1,1),(203,12,2,1.00,'2017-06-07 21:51:59',1.50,0.50,1,1),(204,14,4,2.00,'2017-06-07 21:52:12',2.00,0.00,1,1),(205,14,5,2.00,'2017-06-07 21:53:14',2.00,0.00,1,1),(206,14,4,2.00,'2017-06-07 21:54:41',2.00,0.00,1,1),(207,13,3,1.00,'2017-06-07 21:54:56',2.50,1.50,1,1),(208,12,2,1.00,'2017-06-07 22:10:54',2.00,1.00,1,1),(209,12,2,1.00,'2017-06-07 22:11:08',1.50,0.50,1,1),(210,12,2,1.00,'2017-06-07 22:11:22',1.50,0.50,1,1),(211,12,2,1.00,'2017-06-07 22:11:36',1.00,0.00,1,1),(212,12,2,1.00,'2017-06-07 22:12:13',1.00,0.00,1,1),(213,13,3,1.00,'2017-06-07 22:23:50',2.50,1.50,1,1),(214,14,5,2.00,'2017-06-07 22:25:40',2.00,0.00,1,1),(215,14,5,2.00,'2017-06-07 22:28:42',4.00,2.00,1,1),(216,15,6,1.00,'2017-06-07 22:31:07',2.00,1.00,1,1),(217,16,7,1.00,'2017-06-07 22:31:25',2.00,1.00,1,1),(218,11,1,1.00,'2017-06-07 22:31:44',2.00,1.00,1,1),(219,11,1,1.00,'2017-06-07 22:32:05',1.00,0.00,1,1),(220,13,3,1.00,'2017-06-07 22:37:02',1.00,0.00,1,1),(221,11,1,1.00,'2017-06-09 15:19:49',5.00,4.00,1,1),(222,11,1,1.00,'2017-06-09 15:18:54',5.00,4.00,1,1),(223,11,1,1.00,'2017-06-10 11:51:37',2.00,1.00,1,1),(224,11,1,1.00,'2017-06-13 11:11:39',1.00,0.00,1,1),(225,12,2,1.00,'2017-06-13 12:19:14',2.00,1.00,1,1),(226,11,1,1.00,'2017-06-13 12:19:53',2.00,1.00,1,1),(227,13,3,1.00,'2017-06-14 09:03:06',1.00,0.00,1,1),(228,12,2,1.00,'2017-06-14 09:03:27',1.00,0.00,1,1),(229,14,4,2.00,'2017-06-14 09:04:27',3.00,1.00,1,1),(230,12,2,1.00,'2017-06-14 09:04:59',1.00,0.00,1,1),(231,12,2,1.00,'2017-06-14 09:05:12',1.00,0.00,1,1),(232,12,2,1.00,'2017-06-14 09:05:22',1.00,0.00,1,1),(233,12,2,1.00,'2017-06-14 09:05:31',1.00,0.00,1,1),(234,12,2,1.00,'2017-06-14 09:05:38',1.00,0.00,1,1),(235,12,2,1.00,'2017-06-14 09:06:34',1.00,0.00,1,1),(236,12,2,1.00,'2017-06-14 09:07:18',1.00,0.00,1,1),(237,13,3,1.00,'2017-06-14 09:07:39',1.00,0.00,1,1),(238,11,1,1.00,'2017-06-14 12:14:11',2.00,1.00,1,1),(239,11,1,1.00,'2017-06-14 14:01:31',5.50,4.50,1,1),(240,14,4,2.00,'2017-06-14 14:04:12',5.50,3.50,1,1),(241,14,4,2.00,'2017-06-14 14:24:08',5.50,3.50,1,1),(242,14,4,2.00,'2017-06-14 14:31:12',5.50,3.50,1,1),(243,14,4,2.00,'2017-06-14 14:34:00',5.50,3.50,1,1),(244,14,4,2.00,'2017-06-14 14:36:38',5.25,3.25,1,1),(245,14,4,2.00,'2017-06-14 14:37:33',10.00,8.00,1,1),(246,14,4,2.00,'2017-06-14 14:38:26',2.00,0.00,1,1),(247,14,4,2.00,'2017-06-14 14:38:44',2.00,0.00,1,1),(248,14,5,2.00,'2017-06-14 14:54:16',20.00,18.00,1,1),(249,15,6,1.00,'2017-06-14 14:55:18',20.00,19.00,1,1),(250,15,6,1.00,'2017-06-14 14:56:15',5.00,4.00,1,1),(251,14,5,2.00,'2017-06-14 14:56:42',10.00,8.00,1,1),(252,16,7,1.00,'2017-06-14 15:02:59',5.00,4.00,1,1),(253,11,1,1.00,'2017-06-14 15:23:07',2.00,1.00,1,1),(254,12,2,1.00,'2017-06-14 14:41:36',1.00,0.00,1,1),(255,13,3,1.00,'2017-06-14 14:42:02',1.50,0.50,1,1),(256,12,2,1.00,'2017-06-14 14:41:39',1.50,0.50,1,1),(257,14,4,2.00,'2017-06-14 14:42:21',2.00,0.00,1,1),(258,14,4,2.00,'2017-06-16 08:19:55',2.00,0.00,1,1),(259,14,5,2.00,'2017-06-16 08:20:29',2.00,0.00,1,1),(260,11,1,1.00,'2017-06-20 11:34:34',1.00,0.00,1,1),(261,11,1,1.00,'2017-06-20 11:34:55',1.25,0.25,1,1),(262,11,1,1.00,'2017-06-16 11:18:17',1.00,0.00,1,1),(263,11,1,1.00,'2017-06-16 11:27:34',1.00,0.00,1,1),(264,11,1,1.00,'2017-06-16 11:27:45',1.00,0.00,1,1),(265,12,2,1.00,'2017-06-16 11:28:01',1.00,0.00,1,1);
/*!40000 ALTER TABLE `sale` ENABLE KEYS */;
UNLOCK TABLES;

--
-- Table structure for table `shelf`
--

DROP TABLE IF EXISTS `shelf`;
/*!40101 SET @saved_cs_client     = @@character_set_client */;
/*!40101 SET character_set_client = utf8 */;
CREATE TABLE `shelf` (
  `id` int(6) unsigned NOT NULL AUTO_INCREMENT,
  `shelf_no` varchar(3) NOT NULL,
  `rack_id` int(6) unsigned NOT NULL,
  `product_id` int(6) unsigned NOT NULL,
  `remaining` int(2) unsigned DEFAULT '0',
  `capacity` int(2) unsigned NOT NULL,
  `expire_dt` timestamp NOT NULL DEFAULT CURRENT_TIMESTAMP ON UPDATE CURRENT_TIMESTAMP,
  `active` int(1) unsigned DEFAULT '1',
  PRIMARY KEY (`id`)
) ENGINE=InnoDB AUTO_INCREMENT=12 DEFAULT CHARSET=latin1;
/*!40101 SET character_set_client = @saved_cs_client */;

--
-- Dumping data for table `shelf`
--

LOCK TABLES `shelf` WRITE;
/*!40000 ALTER TABLE `shelf` DISABLE KEYS */;
INSERT INTO `shelf` VALUES (1,'10',3,11,137,6,'2017-06-16 11:27:45',1),(2,'11',3,12,179,6,'2017-06-16 11:28:01',1),(3,'12',3,13,191,6,'2017-06-14 14:42:02',1),(4,'13',3,14,184,6,'2017-06-16 08:19:55',1),(5,'14',3,14,192,6,'2017-06-16 08:20:29',1),(6,'15',3,15,195,6,'2017-06-14 14:56:15',1),(7,'16',3,16,197,6,'2017-06-14 15:03:00',1),(8,'17',3,1,198,6,'2017-04-25 19:34:45',1),(9,'18',3,8,200,20,'2017-04-25 16:54:40',1),(10,'19',3,9,200,20,'2017-04-25 16:54:40',1),(11,'20',3,10,200,20,'2017-04-25 16:54:40',1);
/*!40000 ALTER TABLE `shelf` ENABLE KEYS */;
UNLOCK TABLES;
/*!40103 SET TIME_ZONE=@OLD_TIME_ZONE */;

/*!40101 SET SQL_MODE=@OLD_SQL_MODE */;
/*!40014 SET FOREIGN_KEY_CHECKS=@OLD_FOREIGN_KEY_CHECKS */;
/*!40014 SET UNIQUE_CHECKS=@OLD_UNIQUE_CHECKS */;
/*!40101 SET CHARACTER_SET_CLIENT=@OLD_CHARACTER_SET_CLIENT */;
/*!40101 SET CHARACTER_SET_RESULTS=@OLD_CHARACTER_SET_RESULTS */;
/*!40101 SET COLLATION_CONNECTION=@OLD_COLLATION_CONNECTION */;
/*!40111 SET SQL_NOTES=@OLD_SQL_NOTES */;

-- Dump completed on 2017-07-22 19:27:07
